Sl. No.,State/UT,Murder (Sec.302 IPC) - Murder (Sec.302 IPC) - I - Col.(3),Murder (Sec.302 IPC) - Murder (Sec.302 IPC) - V - Col.(4),Murder (Sec.302 IPC) - Murder (Sec.302 IPC) - R - Col.(5),Murder (Sec.302 IPC) - A) Murder with Rape/POCSO - I - Col.(6),Murder (Sec.302 IPC) - A) Murder with Rape/POCSO - V - Col.(7),Murder (Sec.302 IPC) - A) Murder with Rape/POCSO - R - Col.(8),Murder (Sec.302 IPC) - B) Other Murder - I - Col.(9),Murder (Sec.302 IPC) - B) Other Murder - V - Col.(10),Murder (Sec.302 IPC) - B) Other Murder - R - Col.(11),Abetment of Suicide of Child (Sec.305 IPC) - I - Col.(12),Abetment of Suicide of Child (Sec.305 IPC) - V - Col.(13),Abetment of Suicide of Child (Sec.305 IPC) - R - Col.(14),Attempt to Commit Murder (Sec. 307 IPC) - I - Col.(15),Attempt to Commit Murder (Sec. 307 IPC) - V - Col.(16),Attempt to Commit Murder (Sec. 307 IPC) - R - Col.(17),Infanticide (Sec.315 IPC) - I - Col.(18),Infanticide (Sec.315 IPC) - V - Col.(19),Infanticide (Sec.315 IPC) - R - Col.(20),Foeticide (Sec. 315 and 316 IPC) - I - Col.(21),Foeticide (Sec. 315 and 316 IPC) - V - Col.(22),Foeticide (Sec. 315 and 316 IPC) - R - Col.(23),Exposure and Abandonment (Sec.317 IPC) - I - Col.(24),Exposure and Abandonment (Sec.317 IPC) - V - Col.(25),Exposure and Abandonment (Sec.317 IPC) - R - Col.(26),"Simple Hurt (Sec.323 r/w 324,332,353, 327,328, 330 IPC) - I - Col.(27)","Simple Hurt (Sec.323 r/w 324,332,353, 327,328, 330 IPC) - V - Col.(28)","Simple Hurt (Sec.323 r/w 324,332,353, 327,328, 330 IPC) - R - Col.(29)","Grievous Hurt (Sec.325,326,326A, 326B,329,331,333, 335 IPC) - I - Col.(30)","Grievous Hurt (Sec.325,326,326A, 326B,329,331,333, 335 IPC) - V - Col.(31)","Grievous Hurt (Sec.325,326,326A, 326B,329,331,333, 335 IPC) - R - Col.(32)","Kidnapping and Abduction of Children - Kidnapping and Abduction of Children (Sec.363,363A,364,364A, 365, 366, 366A, 367, 368, 369 IPC) - I - Col.(33)","Kidnapping and Abduction of Children - Kidnapping and Abduction of Children (Sec.363,363A,364,364A, 365, 366, 366A, 367, 368, 369 IPC) - V - Col.(34)","Kidnapping and Abduction of Children - Kidnapping and Abduction of Children (Sec.363,363A,364,364A, 365, 366, 366A, 367, 368, 369 IPC) - R - Col.(35)",Kidnapping and Abduction of Children - Kidnapping and Abduction (Sec. 363 IPC) - Kidnapping and Abduction (Sec. 363 IPC) (Total) - I - Col.(36),Kidnapping and Abduction of Children - Kidnapping and Abduction (Sec. 363 IPC) - Kidnapping and Abduction (Sec. 363 IPC) (Total) - V - Col.(37),Kidnapping and Abduction of Children - Kidnapping and Abduction (Sec. 363 IPC) - Kidnapping and Abduction (Sec. 363 IPC) (Total) - R - Col.(38),Kidnapping and Abduction of Children - Kidnapping and Abduction (Sec.363 IPC) - A) Missing Children Deemed as Kidnapped - I - Col.(39),Kidnapping and Abduction of Children - Kidnapping and Abduction (Sec.363 IPC) - A) Missing Children Deemed as Kidnapped - V - Col.(40),Kidnapping and Abduction of Children - Kidnapping and Abduction (Sec.363 IPC) - A) Missing Children Deemed as Kidnapped - R - Col.(41),Kidnapping and Abduction of Children - Kidnapping and Abduction (Sec.363 IPC) - B) Other Kidnapping and Abduction - I - Col.(42),Kidnapping and Abduction of Children - Kidnapping and Abduction (Sec.363 IPC) - B) Other Kidnapping and Abduction - V - Col.(43),Kidnapping and Abduction of Children - Kidnapping and Abduction (Sec.363 IPC) - B) Other Kidnapping and Abduction - R - Col.(44),Kidnapping and Abduction of Children - Kidnapping and Abduction for the Purpose of Begging (Sec 363A IPC) - I - Col.(45),Kidnapping and Abduction of Children - Kidnapping and Abduction for the Purpose of Begging (Sec 363A IPC) - V - Col.(46),Kidnapping and Abduction of Children - Kidnapping and Abduction for the Purpose of Begging (Sec 363A IPC) - R - Col.(47),Kidnapping and Abduction of Children - Kidnapping and Abduction in order to Murder (Sec.364 IPC) - I - Col.(48),Kidnapping and Abduction of Children - Kidnapping and Abduction in order to Murder (Sec.364 IPC) - V - Col.(49),Kidnapping and Abduction of Children - Kidnapping and Abduction in order to Murder (Sec.364 IPC) - R - Col.(50),Kidnapping and Abduction of Children - Kidnapping for Ransom (Sec.364A IPC) - I - Col.(51),Kidnapping and Abduction of Children - Kidnapping for Ransom (Sec.364A IPC) - V - Col.(52),Kidnapping and Abduction of Children - Kidnapping for Ransom (Sec.364A IPC) - R - Col.(53),Kidnapping and Abduction of Children - Kidnapping and Abduction of Minor Girls to compel her for marriage (Sec.366 IPC) - I - Col.(54),Kidnapping and Abduction of Children - Kidnapping and Abduction of Minor Girls to compel her for marriage (Sec.366 IPC) - V - Col.(55),Kidnapping and Abduction of Children - Kidnapping and Abduction of Minor Girls to compel her for marriage (Sec.366 IPC) - R - Col.(56),Kidnapping and Abduction of Children - Procuration of Minor Girls (Sec.366 A IPC) - I - Col.(57),Kidnapping and Abduction of Children - Procuration of Minor Girls (Sec.366 A IPC) - V - Col.(58),Kidnapping and Abduction of Children - Procuration of Minor Girls (Sec.366 A IPC) - R - Col.(59),Kidnapping and Abduction of Children - Importation of Girls from Foreign Country (Sec.366-B IPC) - I - Col.(60),Kidnapping and Abduction of Children - Importation of Girls from Foreign Country (Sec.366-B IPC) - V - Col.(61),Kidnapping and Abduction of Children - Importation of Girls from Foreign Country (Sec.366-B IPC) - R - Col.(62),Kidnapping and Abduction of Children - Other Kidnapping and Abduction - I - Col.(63),Kidnapping and Abduction of Children - Other Kidnapping and Abduction - V - Col.(64),Kidnapping and Abduction of Children - Other Kidnapping and Abduction - R - Col.(65),Human Trafficking (Sec.370 and 370A IPC) (Children only) - I - Col.(66),Human Trafficking (Sec.370 and 370A IPC) (Children only) - V - Col.(67),Human Trafficking (Sec.370 and 370A IPC) (Children only) - R - Col.(68),Selling of Minors for Prostitution (Sec. 372 IPC) - Selling of Minors for Prostitution (Total) - I - Col.(69),Selling of Minors for Prostitution (Sec. 372 IPC) - Selling of Minors for Prostitution (Total) - V - Col.(70),Selling of Minors for Prostitution (Sec. 372 IPC) - Selling of Minors for Prostitution (Total) - R - Col.(71),Selling of Minors for Prostitution (Sec. 372 IPC) - A) Boys - I - Col.(72),Selling of Minors for Prostitution (Sec. 372 IPC) - A) Boys - V - Col.(73),Selling of Minors for Prostitution (Sec. 372 IPC) - A) Boys - R - Col.(74),Selling of Minors for Prostitution (Sec. 372 IPC) - B) Girls - I - Col.(75),Selling of Minors for Prostitution (Sec. 372 IPC) - B) Girls - V - Col.(76),Selling of Minors for Prostitution (Sec. 372 IPC) - B) Girls - R - Col.(77),Buying of Minors for Prostitution (Sec. 373 IPC) - Buying of Minors for Prostitution (Total) - I - Col.(78),Buying of Minors for Prostitution (Sec. 373 IPC) - Buying of Minors for Prostitution (Total) - V - Col.(79),Buying of Minors for Prostitution (Sec. 373 IPC) - Buying of Minors for Prostitution (Total) - R - Col.(80),Buying of Minors for Prostitution (Sec. 373 IPC) - A) Boys - I - Col.(81),Buying of Minors for Prostitution (Sec. 373 IPC) - A) Boys - V - Col.(82),Buying of Minors for Prostitution (Sec. 373 IPC) - A) Boys - R - Col.(83),Buying of Minors for Prostitution (Sec. 373 IPC) - B) Girls - I - Col.(84),Buying of Minors for Prostitution (Sec. 373 IPC) - B) Girls - V - Col.(85),Buying of Minors for Prostitution (Sec. 373 IPC) - B) Girls - R - Col.(86),Rape (Sec. 376 IPC) - I - Col.(87),Rape (Sec. 376 IPC) - V - Col.(88),Rape (Sec. 376 IPC) - R - Col.(89),Attempt to Commit Rape (Sec. 376 r/w 511 IPC) - I - Col.(90),Attempt to Commit Rape (Sec. 376 r/w 511 IPC) - V - Col.(91),Attempt to Commit Rape (Sec. 376 r/w 511 IPC) - R - Col.(92),Assault on Women with Intent to Outrage her Modesty (Sec. 354 IPC) - I - Col.(93),Assault on Women with Intent to Outrage her Modesty (Sec. 354 IPC) - V - Col.(94),Assault on Women with Intent to Outrage her Modesty (Sec. 354 IPC) - R - Col.(95),Insult to the Modesty of Women (Sec. 509 IPC) - I - Col.(96),Insult to the Modesty of Women (Sec. 509 IPC) - V - Col.(97),Insult to the Modesty of Women (Sec. 509 IPC) - R - Col.(98),Other IPC Crimes - I - Col.(99),Other IPC Crimes - V - Col.(100),Other IPC Crimes - R - Col.(101),Total IPC Crimes Against Children - I -Col.(102),Total IPC Crimes Against Children - V - Col.(103),Total IPC Crimes Against Children - R - Col.(104),"Protection of Children from Sexual Offences Act (POCSO) r/w Sec.376,354, 509 IPC) - Protection of Children from Sexual Offences Act (Total) - I - Col.(105)","Protection of Children from Sexual Offences Act (POCSO) r/w Sec.376,354, 509 IPC) - Protection of Children from Sexual Offences Act (Total) - V - Col.(106)","Protection of Children from Sexual Offences Act (POCSO) r/w Sec.376,354, 509 IPC) - Protection of Children from Sexual Offences Act (Total) - R - Col.(107)","Protection of Children from Sexual Offences Act (POCSO) r/w Sec.376,354, 509 IPC) - Section 4 and 6 of POCSO Act or POCSO Act (Section 4 and 6) r/w Section 376 IPC - Section 4 and 6 of POCSO Act or POCSO Act (Section 4 and 6) r/w Section 376 IPC (Total) - I - Col.(108)","Protection of Children from Sexual Offences Act (POCSO) r/w Sec.376,354, 509 IPC) - Section 4 and 6 of POCSO Act or POCSO Act (Section 4 and 6) r/w Section 376 IPC - Section 4 and 6 of POCSO Act or POCSO Act (Section 4 and 6) r/w Section 376 IPC (Total) - V - Col.(109)","Protection of Children from Sexual Offences Act (POCSO) r/w Sec.376,354, 509 IPC) - Section 4 and 6 of POCSO Act or POCSO Act (Section 4 and 6) r/w Section 376 IPC - Section 4 and 6 of POCSO Act or POCSO Act (Section 4 and 6) r/w Section 376 IPC (Total) - R - Col.(110)","Protection of Children from Sexual Offences Act (POCSO) r/w Sec.376,354, 509 IPC) - Section 4 and 6 of POCSO Act or POCSO Act (Section 4 and 6) r/w Section 376 IPC - A) Girls - I - Col.(111)","Protection of Children from Sexual Offences Act (POCSO) r/w Sec.376,354, 509 IPC) - Section 4 and 6 of POCSO Act or POCSO Act (Section 4 and 6) r/w Section 376 IPC - A) Girls - V - Col.(112)","Protection of Children from Sexual Offences Act (POCSO) r/w Sec.376,354, 509 IPC) - Section 4 and 6 of POCSO Act or POCSO Act (Section 4 and 6) r/w Section 376 IPC - A) Girls - R - Col.(113)","Protection of Children from Sexual Offences Act (POCSO) r/w Sec.376,354, 509 IPC) - Section 4 and 6 of POCSO Act or POCSO Act (Section 4 and 6) r/w Section 376 IPC - B) Boys - I - Col.(114)","Protection of Children from Sexual Offences Act (POCSO) r/w Sec.376,354, 509 IPC) - Section 4 and 6 of POCSO Act or POCSO Act (Section 4 and 6) r/w Section 376 IPC - B) Boys - V - Col.(115)","Protection of Children from Sexual Offences Act (POCSO) r/w Sec.376,354, 509 IPC) - Section 4 and 6 of POCSO Act or POCSO Act (Section 4 and 6) r/w Section 376 IPC - B) Boys - R - Col.(116)","Protection of Children from Sexual Offences Act (POCSO) r/w Sec.376,354, 509 IPC - Section 8 and 10 of POCSO Act or POCSO Act (Section 8 and 10) - r/w Section 354 IPC - Section 8 and 10 of POCSO Act or POCSO Act (Section 8 and 10) - r/w Section 354 IPC (Total) - I - Col.(117)","Protection of Children from Sexual Offences Act (POCSO) r/w Sec.376,354, 509 IPC - Section 8 and 10 of POCSO Act or POCSO Act (Section 8 and 10) - r/w Section 354 IPC - Section 8 and 10 of POCSO Act or POCSO Act (Section 8 and 10) - r/w Section 354 IPC (Total) - V - Col.(118)","Protection of Children from Sexual Offences Act (POCSO) r/w Sec.376,354, 509 IPC - Section 8 and 10 of POCSO Act or POCSO Act (Section 8 and 10) - r/w Section 354 IPC - Section 8 and 10 of POCSO Act or POCSO Act (Section 8 and 10) - r/w Section 354 IPC (Total) - R - Col.(119)","Protection of Children from Sexual Offences Act (POCSO) r/w Sec.376,354, 509 IPC - Section 8 and 10 of POCSO Act or POCSO Act (Section 8 and 10) - r/w Section 354 IPC - A) Girls - I - Col.(120)","Protection of Children from Sexual Offences Act (POCSO) r/w Sec.376,354, 509 IPC - Section 8 and 10 of POCSO Act or POCSO Act (Section 8 and 10) - r/w Section 354 IPC - A) Girls - V - Col.(121)","Protection of Children from Sexual Offences Act (POCSO) r/w Sec.376,354, 509 IPC - Section 8 and 10 of POCSO Act or POCSO Act (Section 8 and 10) - r/w Section 354 IPC - A) Girls - R - Col.(122)","Protection of Children from Sexual Offences Act (POCSO) r/w Sec.376,354, 509 IPC - Section 8 and 10 of POCSO Act or POCSO Act (Section 8 and 10) - r/w Section 354 IPC - B) Boys - I - Col.(123)","Protection of Children from Sexual Offences Act (POCSO) r/w Sec.376,354, 509 IPC - Section 8 and 10 of POCSO Act or POCSO Act (Section 8 and 10) - r/w Section 354 IPC - B) Boys - V - Col.(124)","Protection of Children from Sexual Offences Act (POCSO) r/w Sec.376,354, 509 IPC - Section 8 and 10 of POCSO Act or POCSO Act (Section 8 and 10) - r/w Section 354 IPC - B) Boys - R - Col.(125)","Protection of Children from Sexual Offences Act (POCSO) - r/w Sec.376,354, 509 IPC - Section 12 of POCSO Act or POCSO Act (Section 12) - r/w Section 509 IPC - Section 12 of POCSO Act or POCSO Act (Section 12) - r/w Section 509 IPC (Total) - I - Col.(126)","Protection of Children from Sexual Offences Act (POCSO) - r/w Sec.376,354, 509 IPC - Section 12 of POCSO Act or POCSO Act (Section 12) - r/w Section 509 IPC - Section 12 of POCSO Act or POCSO Act (Section 12) - r/w Section 509 IPC (Total) - V - Col.(127)","Protection of Children from Sexual Offences Act (POCSO) - r/w Sec.376,354, 509 IPC - Section 12 of POCSO Act or POCSO Act (Section 12) - r/w Section 509 IPC - Section 12 of POCSO Act or POCSO Act (Section 12) - r/w Section 509 IPC (Total) - R - Col.(128)","Protection of Children from Sexual Offences Act (POCSO) - r/w Sec.376,354, 509 IPC - Section 12 of POCSO Act or POCSO Act (Section 12) - r/w Section 509 IPC - A) Girls - I - Col.(129)","Protection of Children from Sexual Offences Act (POCSO) - r/w Sec.376,354, 509 IPC - Section 12 of POCSO Act or POCSO Act (Section 12) - r/w Section 509 IPC - A) Girls - V - Col.(130)","Protection of Children from Sexual Offences Act (POCSO) - r/w Sec.376,354, 509 IPC - Section 12 of POCSO Act or POCSO Act (Section 12) - r/w Section 509 IPC - A) Girls - R - Col.(131)","Protection of Children from Sexual Offences Act (POCSO) - r/w Sec.376,354, 509 IPC - Section 12 of POCSO Act or POCSO Act (Section 12) - r/w Section 509 IPC - B) Boys - I - Col.(132)","Protection of Children from Sexual Offences Act (POCSO) - r/w Sec.376,354, 509 IPC - Section 12 of POCSO Act or POCSO Act (Section 12) - r/w Section 509 IPC - B) Boys - V - Col.(133)","Protection of Children from Sexual Offences Act (POCSO) - r/w Sec.376,354, 509 IPC - Section 12 of POCSO Act or POCSO Act (Section 12) - r/w Section 509 IPC - B) Boys - R - Col.(134)","Protection of Children from Sexual Offences Act (POCSO) - r/w Sec.376,354, 509 IPC - Section 14 and 15 of POCSO Act - Section 14 and 15 of POCSO Act (Total) - I - Col.(135)","Protection of Children from Sexual Offences Act (POCSO) - r/w Sec.376,354, 509 IPC - Section 14 and 15 of POCSO Act - Section 14 and 15 of POCSO Act (Total) - V - Col.(136)","Protection of Children from Sexual Offences Act (POCSO) - r/w Sec.376,354, 509 IPC - Section 14 and 15 of POCSO Act - Section 14 and 15 of POCSO Act (Total) - R - Col.(137)","Protection of Children from Sexual Offences Act (POCSO) - r/w Sec.376,354, 509 IPC - Section 14 and 15 of POCSO Act - A) Girls - I - Col.(138)","Protection of Children from Sexual Offences Act (POCSO) - r/w Sec.376,354, 509 IPC - Section 14 and 15 of POCSO Act - A) Girls - V - Col.(139)","Protection of Children from Sexual Offences Act (POCSO) - r/w Sec.376,354, 509 IPC - Section 14 and 15 of POCSO Act - A) Girls - R - Col.(140)","Protection of Children from Sexual Offences Act (POCSO) - r/w Sec.376,354, 509 IPC - Section 14 and 15 of POCSO Act - B) Boys - I - Col.(141)","Protection of Children from Sexual Offences Act (POCSO) - r/w Sec.376,354, 509 IPC - Section 14 and 15 of POCSO Act - B) Boys - V - Col.(142)","Protection of Children from Sexual Offences Act (POCSO) - r/w Sec.376,354, 509 IPC - Section 14 and 15 of POCSO Act - B) Boys - R - Col.(143)","Protection of Children from Sexual Offences Act (POCSO) - r/w Sec.376,354, 509 IPC - POCSO Act r/w Section 377 IPC - POCSO Act r/w Section 377 IPC (Total) - I - Col.(144)","Protection of Children from Sexual Offences Act (POCSO) - r/w Sec.376,354, 509 IPC - POCSO Act r/w Section 377 IPC - POCSO Act r/w Section 377 IPC (Total) - V - Col.(145)","Protection of Children from Sexual Offences Act (POCSO) - r/w Sec.376,354, 509 IPC - POCSO Act r/w Section 377 IPC - POCSO Act r/w Section 377 IPC (Total) - R - Col.(146)","Protection of Children from Sexual Offences Act (POCSO) - r/w Sec.376,354, 509 IPC - POCSO Act r/w Section 377 IPC - A) Girls - I - Col.(147)","Protection of Children from Sexual Offences Act (POCSO) - r/w Sec.376,354, 509 IPC - POCSO Act r/w Section 377 IPC - A) Girls - V - Col.(148)","Protection of Children from Sexual Offences Act (POCSO) - r/w Sec.376,354, 509 IPC - POCSO Act r/w Section 377 IPC - A) Girls - R - Col.(149)","Protection of Children from Sexual Offences Act (POCSO) - r/w Sec.376,354, 509 IPC - POCSO Act r/w Section 377 IPC - B) Boys - I - Col.(150)","Protection of Children from Sexual Offences Act (POCSO) - r/w Sec.376,354, 509 IPC - POCSO Act r/w Section 377 IPC - B) Boys - V - Col.(151)","Protection of Children from Sexual Offences Act (POCSO) - r/w Sec.376,354, 509 IPC - POCSO Act r/w Section 377 IPC - B) Boys - R - Col.(152)","Protection of Children from Sexual Offences Act (POCSO) r/w Sec.376,354, 509 IPC - Sections 17 to 22 of POCSO Act - Sections 17 to 22 of POCSO Act - I - Col.(153)","Protection of Children from Sexual Offences Act (POCSO) r/w Sec.376,354, 509 IPC - Sections 17 to 22 of POCSO Act - Sections 17 to 22 of POCSO Act - V - Col.(154)","Protection of Children from Sexual Offences Act (POCSO) r/w Sec.376,354, 509 IPC - Sections 17 to 22 of POCSO Act - Sections 17 to 22 of POCSO Act - R - Col.(155)","Protection of Children from Sexual Offences Act (POCSO) r/w Sec.376,354, 509 IPC - Sections 17 to 22 of POCSO Act - A) Girls - I - Col.(156)","Protection of Children from Sexual Offences Act (POCSO) r/w Sec.376,354, 509 IPC - Sections 17 to 22 of POCSO Act - A) Girls - V - Col.(157)","Protection of Children from Sexual Offences Act (POCSO) r/w Sec.376,354, 509 IPC - Sections 17 to 22 of POCSO Act - A) Girls - R - Col.(158)","Protection of Children from Sexual Offences Act (POCSO) r/w Sec.376,354, 509 IPC - Sections 17 to 22 of POCSO Act - B) Boys - I - Col.(159)","Protection of Children from Sexual Offences Act (POCSO) r/w Sec.376,354, 509 IPC - Sections 17 to 22 of POCSO Act - B) Boys - V - Col.(160)","Protection of Children from Sexual Offences Act (POCSO) r/w Sec.376,354, 509 IPC - Sections 17 to 22 of POCSO Act - B) Boys - R - Col.(161)",Juveniles Justice (Care and Protection of Children) Act - Juveniles Justice (Care and Protection of Children) Act (Total) - I - Col.(162),Juveniles Justice (Care and Protection of Children) Act (Total) - V - Col.(163),Juveniles Justice (Care and Protection of Children) Act (Total) - R - Col.(164),A) Offences by Care Takers/In-charge of Juvenile Homes - I - Col.(165),A) Offences by Care Takers/In-charge of Juvenile Homes - V - Col.(166),A) Offences by Care Takers/In-charge of Juvenile Homes - R - Col.(167),B) Other Offences - I - Col.(168),B) Other Offences - V - Col.(169),B) Other Offences - R - Col.(170),"Immoral Traffic (Prevention) Act, 1956 - Immoral Traffic (Prevention) Act (Total) - I - Col.(171)","Immoral Traffic (Prevention) Act, 1956 - Immoral Traffic (Prevention) Act (Total) - V - Col.(172)","Immoral Traffic (Prevention) Act, 1956 - Immoral Traffic (Prevention) Act (Total) - R - Col.(173)","Immoral Traffic (Prevention) Act, 1956 - A) Procuring, inducing Children for the sake of prostitution (Sec. 5) - I - Col.(174)","Immoral Traffic (Prevention) Act, 1956 - A) Procuring, inducing Children for the sake of prostitution (Sec. 5) - V - Col.(175)","Immoral Traffic (Prevention) Act, 1956 - A) Procuring, inducing Children for the sake of prostitution (Sec. 5) - R - Col.(176)","Immoral Traffic (Prevention) Act, 1956 - B) Detaining a person in premises where prostitution is carried on (Sec. 6) - I - Col.(177)","Immoral Traffic (Prevention) Act, 1956 - B) Detaining a person in premises where prostitution is carried on (Sec. 6) - V - Col.(178)","Immoral Traffic (Prevention) Act, 1956 - B) Detaining a person in premises where prostitution is carried on (Sec. 6) - R - Col.(179)","Immoral Traffic (Prevention) Act, 1956 - C) Others - I - Col.(180)","Immoral Traffic (Prevention) Act, 1956 - C) Others - V - Col.(181)","Immoral Traffic (Prevention) Act, 1956 - C) Others - R - Col.(182)",Child Labour (Prohibition and Regulation) Act - I - Col.(183),Child Labour (Prohibition and Regulation) Act - V - Col.(184),Child Labour (Prohibition and Regulation) Act - R - Col.(185),Prohibition of Child Marriage Act - I - Col.(186),Prohibition of Child Marriage Act - V - Col.(187),Prohibition of Child Marriage Act - R - Col.(188),Transplantation of Human Organs Act - I - Col.(189),Transplantation of Human Organs Act - V - Col.(190),Transplantation of Human Organs Act - R - Col.(191),Cyber Crimes/Information Technology Act - Cyber Crimes/Information Technology Act - I - Col.(192),Cyber Crimes/Information Technology Act - Cyber Crimes/Information Technology Act - V - Col.(193),Cyber Crimes/Information Technology Act - Cyber Crimes/Information Technology Act - R - Col.(194),Cyber Crimes/Information Technology Act - A) Publishing or Transmitting of material depicting children in sexually explicit act - I - Col.(195),Cyber Crimes/Information Technology Act - A) Publishing or Transmitting of material depicting children in sexually explicit act - V - Col.(196),Cyber Crimes/Information Technology Act - A) Publishing or Transmitting of material depicting children in sexually explicit act - R - Col.(197),Cyber Crimes/Information Technology Act - B) Other Cyber Crimes against Children - I - Col.(198),Cyber Crimes/Information Technology Act - B) Other Cyber Crimes against Children - V - Col.(199),Cyber Crimes/Information Technology Act - B) Other Cyber Crimes against Children - R - Col.(200),Other SLL crimes - I - Col.(201),Other SLL crimes - V - Col.(202),Other SLL crimes - R - Col.(203),Total SLL Crimes against Children - I - Col.(204),Total SLL Crimes against Children - V - Col.(205),Total SLL Crimes against Children - R - Col.(206),Total Crimes against Children (IPC+SLL) - I - Col.(207),Total Crimes against Children (IPC+SLL) - V - Col.(208),Total Crimes against Children (IPC+SLL) - R - Col.(209)
1,Andhra Pradesh,30,34,0.2,0,0,0,30,34,0.2,18,18,0.1,13,13,0.1,0,0,0,3,3,0,18,18,0.1,105,115,0.7,9,9,0.1,519,554,3.4,352,378,2.3,32,35,0.2,320,343,2.1,2,2,0,1,1,0,6,6,0,99,108,0.7,55,55,0.4,0,0,0,4,4,0,3,3,0,0,0,0,0,0,0,0,0,0,0,0,0,0,0,0,0,0,0,0,0,0,31,31,0.2,0,0,0,0,0,0,229,247,1.5,978,1045,6.5,2136,2358,14.1,1002,1205,6.6,1001,1204,6.6,1,1,0,682,695,4.5,682,695,4.5,0,0,0,439,440,2.9,438,439,2.9,1,1,0,3,3,0,3,3,0,0,0,0,8,8,0.1,1,1,0,7,7,0,2,7,0,2,7,0,0,0,0,20,22,0.1,4,4,0,16,18,0.1,1,1,0,0,0,0,0,0,0,1,1,0,15,15,0.1,26,26,0.2,0,0,0,101,101,0.7,99,99,0.7,2,2,0,31,38,0.2,2330,2561,15.4,3308,3606,21.9
2,Arunachal Pradesh,4,4,0.7,0,0,0,4,4,0.7,0,0,0,1,1,0.2,0,0,0,0,0,0,0,0,0,1,1,0.2,1,2,0.2,38,44,6.4,35,41,5.9,19,21,3.2,16,20,2.7,0,0,0,0,0,0,0,0,0,1,1,0.2,0,0,0,0,0,0,2,2,0.3,2,2,0.3,0,0,0,0,0,0,0,0,0,0,0,0,0,0,0,0,0,0,30,30,5.1,3,3,0.5,8,16,1.4,0,0,0,5,5,0.8,93,108,15.8,47,58,8,28,28,4.7,28,28,4.7,0,0,0,16,26,2.7,16,26,2.7,0,0,0,1,1,0.2,1,1,0.2,0,0,0,2,3,0.3,1,2,0.2,1,1,0.2,0,0,0,0,0,0,0,0,0,0,0,0,0,0,0,0,0,0,0,0,0,0,0,0,0,0,0,0,0,0,0,0,0,0,0,0,0,0,0,3,3,0.5,0,0,0,0,0,0,0,0,0,0,0,0,0,0,0,0,0,0,50,61,8.5,143,169,24.3
3,Assam,22,22,0.2,5,5,0,17,17,0.1,7,7,0.1,1,1,0,0,0,0,0,0,0,0,0,0,4,35,0,9,9,0.1,1841,2097,15.2,714,778,5.9,396,400,3.3,318,378,2.6,72,74,0.6,2,2,0,5,5,0,446,566,3.7,285,310,2.4,0,0,0,317,362,2.6,44,66,0.4,4,4,0,1,1,0,3,3,0,0,0,0,0,0,0,0,0,0,4,4,0,4,9,0,35,53,0.3,0,0,0,64,133,0.5,2039,2440,16.9,1703,1804,14.1,1257,1307,10.4,1257,1307,10.4,0,0,0,322,360,2.7,322,360,2.7,0,0,0,88,98,0.7,88,98,0.7,0,0,0,25,25,0.2,25,25,0.2,0,0,0,3,3,0,3,3,0,0,0,0,8,11,0.1,8,11,0.1,0,0,0,55,57,0.5,17,17,0.1,38,40,0.3,1,1,0,0,0,0,0,0,0,1,1,0,86,98,0.7,163,175,1.3,0,0,0,37,42,0.3,24,29,0.2,13,13,0.1,0,0,0,2045,2177,16.9,4084,4617,33.8
4,Bihar,67,68,0.1,0,0,0,67,68,0.1,2,2,0,49,60,0.1,0,0,0,0,0,0,0,0,0,219,250,0.5,177,186,0.4,5005,5027,10.5,805,817,1.7,527,527,1.1,278,290,0.6,0,0,0,4,4,0,9,9,0,4060,4070,8.5,0,0,0,0,0,0,127,127,0.3,58,296,0.1,0,0,0,0,0,0,0,0,0,0,0,0,0,0,0,0,0,0,0,0,0,2,2,0,8,8,0,0,0,0,264,354,0.6,5851,6253,12.3,2137,2139,4.5,749,749,1.6,749,749,1.6,0,0,0,1013,1014,2.1,1013,1014,2.1,0,0,0,160,160,0.3,160,160,0.3,0,0,0,201,202,0.4,201,202,0.4,0,0,0,12,12,0,1,1,0,11,11,0,2,2,0,2,2,0,0,0,0,1,1,0,1,1,0,0,0,0,22,43,0,19,40,0,3,3,0,0,0,0,98,146,0.2,13,13,0,0,0,0,0,0,0,0,0,0,0,0,0,0,0,0,2271,2342,4.8,8122,8595,17.1
5,Chhattisgarh,57,61,0.6,5,5,0.1,52,56,0.5,14,15,0.1,18,18,0.2,6,6,0.1,16,16,0.2,36,36,0.4,441,448,4.5,16,16,0.2,2700,2736,27.7,2582,2617,26.5,1319,1320,13.5,1263,1297,13,0,0,0,0,0,0,2,2,0,72,72,0.7,0,0,0,0,0,0,44,45,0.5,20,24,0.2,0,0,0,0,0,0,0,0,0,1,1,0,0,0,0,1,1,0,0,0,0,3,3,0,2,2,0,5,5,0.1,359,440,3.7,3694,3827,37.9,2366,2383,24.3,1809,1815,18.6,1809,1815,18.6,0,0,0,512,523,5.3,510,521,5.2,2,2,0,25,25,0.3,25,25,0.3,0,0,0,5,5,0.1,4,4,0,1,1,0,8,8,0.1,0,0,0,8,8,0.1,7,7,0.1,7,7,0.1,0,0,0,1,1,0,1,1,0,0,0,0,0,0,0,0,0,0,0,0,0,0,0,0,0,0,0,0,0,0,0,0,0,115,115,1.2,112,112,1.1,3,3,0,1,1,0,2483,2500,25.5,6177,6327,63.4
6,Goa,3,3,0.8,0,0,0,3,3,0.8,2,2,0.5,1,1,0.3,0,0,0,0,0,0,3,3,0.8,5,6,1.3,1,1,0.3,63,66,16.5,63,66,16.5,46,48,12,17,18,4.4,0,0,0,0,0,0,0,0,0,0,0,0,0,0,0,0,0,0,0,0,0,2,2,0.5,0,0,0,0,0,0,0,0,0,0,0,0,0,0,0,0,0,0,55,57,14.4,0,0,0,11,11,2.9,0,0,0,23,28,6,169,180,44.2,4,4,1,1,1,0.3,0,0,0,1,1,0.3,3,3,0.8,0,0,0,3,3,0.8,0,0,0,0,0,0,0,0,0,0,0,0,0,0,0,0,0,0,0,0,0,0,0,0,0,0,0,0,0,0,0,0,0,0,0,0,0,0,0,0,0,0,0,0,0,0,0,0,0,0,0,0,0,0,0,0,0,0,0,0,0,0,0,0,0,0,2,2,0.5,1,1,0.3,1,1,0.3,9,11,2.4,15,17,3.9,184,197,48.2
7,Gujarat,74,88,0.4,7,7,0,67,81,0.3,11,11,0.1,16,19,0.1,6,6,0,18,18,0.1,108,108,0.5,21,27,0.1,10,10,0,1511,1554,7.2,881,910,4.2,512,533,2.4,369,377,1.8,1,1,0,0,0,0,3,4,0,622,635,3,1,1,0,0,0,0,3,3,0,2,2,0,0,0,0,0,0,0,0,0,0,0,0,0,0,0,0,0,0,0,0,0,0,2,2,0,68,71,0.3,1,1,0,444,578,2.1,2292,2495,11,2499,2512,11.9,2131,2140,10.2,2127,2136,10.2,4,4,0,229,229,1.1,228,228,1.1,1,1,0,92,95,0.4,92,95,0.4,0,0,0,19,19,0.1,12,12,0.1,7,7,0,26,27,0.1,0,0,0,26,27,0.1,2,2,0,2,2,0,0,0,0,80,104,0.4,25,27,0.1,55,77,0.3,1,1,0,1,1,0,0,0,0,0,0,0,42,52,0.2,9,9,0,0,0,0,33,17,0.2,32,16,0.2,1,1,0,8,8,0,2672,2703,12.8,4964,5198,23.7
8,Haryana,59,64,0.6,6,6,0.1,53,58,0.6,12,12,0.1,5,5,0.1,5,5,0.1,11,11,0.1,30,30,0.3,39,40,0.4,11,11,0.1,2574,2628,28.2,474,490,5.2,147,147,1.6,327,343,3.6,1,1,0,2,2,0,6,7,0.1,299,310,3.3,918,921,10.1,0,0,0,874,897,9.6,7,12,0.1,0,0,0,0,0,0,0,0,0,0,0,0,0,0,0,0,0,0,0,0,0,1,1,0,0,0,0,0,0,0,1035,1145,11.3,3789,3964,41.5,2209,2225,24.2,1331,1340,14.6,1264,1272,13.9,67,68,0.7,655,656,7.2,641,642,7,14,14,0.2,167,173,1.8,166,172,1.8,1,1,0,2,2,0,1,1,0,1,1,0,32,32,0.4,1,1,0,31,31,0.3,22,22,0.2,19,19,0.2,3,3,0,77,130,0.8,4,4,0,73,126,0.8,2,2,0,2,2,0,0,0,0,0,0,0,4,5,0,37,37,0.4,0,0,0,11,11,0.1,5,5,0.1,6,6,0.1,9,9,0.1,2349,2419,25.8,6138,6383,67.3
9,Himachal Pradesh,5,5,0.2,0,0,0,5,5,0.2,2,2,0.1,1,1,0,0,0,0,0,0,0,11,11,0.5,0,0,0,0,0,0,379,406,17.6,260,287,12.1,45,50,2.1,215,237,10,0,0,0,0,0,0,0,0,0,115,115,5.3,4,4,0.2,0,0,0,0,0,0,0,0,0,0,0,0,0,0,0,0,0,0,0,0,0,0,0,0,0,0,0,213,223,9.9,4,4,0.2,87,88,4,1,1,0,6,11,0.3,709,752,32.9,9,10,0.4,0,0,0,0,0,0,0,0,0,7,8,0.3,5,6,0.2,2,2,0.1,0,0,0,0,0,0,0,0,0,0,0,0,0,0,0,0,0,0,2,2,0.1,0,0,0,2,2,0.1,0,0,0,0,0,0,0,0,0,14,14,0.7,0,0,0,14,14,0.7,0,0,0,0,0,0,0,0,0,0,0,0,0,0,0,4,4,0.2,0,0,0,2,2,0.1,2,2,0.1,0,0,0,2,2,0.1,31,32,1.4,740,784,34.4
10,Jharkhand,17,17,0.1,0,0,0,17,17,0.1,1,1,0,4,4,0,4,4,0,7,7,0.1,2,2,0,6,7,0,1,1,0,650,652,4.7,87,89,0.6,65,67,0.5,22,22,0.2,3,3,0,3,3,0,12,12,0.1,215,215,1.6,321,321,2.3,0,0,0,9,9,0.1,63,114,0.5,1,1,0,0,0,0,1,1,0,0,0,0,0,0,0,0,0,0,184,184,1.3,0,0,0,60,60,0.4,0,0,0,5,18,0,1005,1072,7.3,884,884,6.4,570,570,4.1,570,570,4.1,0,0,0,203,203,1.5,199,199,1.4,4,4,0,57,57,0.4,41,41,0.3,16,16,0.1,46,46,0.3,46,46,0.3,0,0,0,2,2,0,2,2,0,0,0,0,6,6,0,6,6,0,0,0,0,11,11,0.1,1,1,0,10,10,0.1,0,0,0,0,0,0,0,0,0,0,0,0,6,6,0,5,5,0,0,0,0,6,6,0,6,6,0,0,0,0,0,0,0,912,912,6.6,1917,1984,13.9
11,Karnataka,84,103,0.4,4,4,0,80,99,0.4,13,15,0.1,22,25,0.1,1,1,0,2,2,0,96,98,0.5,58,73,0.3,10,15,0.1,3035,3139,15.7,2995,3097,15.5,2807,2900,14.5,188,197,1,1,1,0,0,0,0,8,8,0,6,6,0,12,12,0.1,0,0,0,13,15,0.1,5,9,0,0,0,0,0,0,0,0,0,0,0,0,0,0,0,0,0,0,0,0,0,0,0,0,0,1,1,0,0,0,0,900,1630,4.7,4227,5111,21.8,3155,3239,16.3,2299,2326,11.9,2294,2321,11.9,5,5,0,595,635,3.1,590,630,3,5,5,0,215,223,1.1,214,222,1.1,1,1,0,12,12,0.1,12,12,0.1,0,0,0,4,4,0,1,1,0,3,3,0,30,39,0.2,30,39,0.2,0,0,0,77,105,0.4,6,23,0,71,82,0.4,0,0,0,0,0,0,0,0,0,0,0,0,62,97,0.3,215,218,1.1,0,0,0,239,249,1.2,235,245,1.2,4,4,0,13,19,0.1,3761,3927,19.4,7988,9038,41.3
12,Kerala,29,37,0.3,0,0,0,29,37,0.3,2,2,0,11,13,0.1,0,0,0,0,0,0,16,20,0.2,254,294,2.7,28,28,0.3,286,292,3,248,254,2.6,42,42,0.4,206,212,2.2,0,0,0,0,0,0,0,0,0,12,12,0.1,7,7,0.1,0,0,0,19,19,0.2,27,46,0.3,0,0,0,0,0,0,0,0,0,0,0,0,0,0,0,0,0,0,0,0,0,1,1,0,919,930,9.8,35,36,0.4,277,343,2.9,1885,2042,20,3334,3382,35.4,1812,1846,19.3,1704,1731,18.1,108,115,1.1,1186,1192,12.6,1018,1023,10.8,168,169,1.8,219,227,2.3,198,206,2.1,21,21,0.2,32,32,0.3,26,26,0.3,6,6,0.1,74,74,0.8,1,1,0,73,73,0.8,11,11,0.1,10,10,0.1,1,1,0,293,312,3.1,68,68,0.7,225,244,2.4,0,0,0,0,0,0,0,0,0,0,0,0,0,0,0,6,6,0.1,0,0,0,109,111,1.2,104,106,1.1,5,5,0.1,13,13,0.1,3755,3824,39.9,5640,5866,60
13,Madhya Pradesh,109,112,0.4,18,18,0.1,91,94,0.3,90,91,0.3,36,38,0.1,11,11,0,5,5,0,174,175,0.6,1751,1791,6.1,88,97,0.3,10125,10253,35.2,8624,8746,30,5672,5769,19.7,2952,2977,10.3,0,0,0,3,3,0,0,0,0,1416,1418,4.9,25,26,0.1,0,0,0,57,60,0.2,23,39,0.1,1,3,0,0,0,0,1,3,0,2,3,0,0,0,0,2,3,0,0,0,0,3,3,0,0,0,0,5,5,0,1832,2157,6.4,14255,14783,49.6,5996,6012,20.8,3646,3658,12.7,3641,3653,12.7,5,5,0,2230,2233,7.8,2230,2233,7.8,0,0,0,41,42,0.1,41,42,0.1,0,0,0,12,12,0,12,12,0,0,0,0,56,56,0.2,1,1,0,55,55,0.2,11,11,0,10,10,0,1,1,0,7,7,0,3,3,0,4,4,0,0,0,0,0,0,0,0,0,0,0,0,0,0,0,0,7,7,0,0,0,0,147,155,0.5,137,137,0.5,10,18,0,3,4,0,6160,6185,21.4,20415,20968,71
14,Maharashtra,124,139,0.3,14,14,0,110,125,0.3,66,68,0.2,47,49,0.1,25,25,0.1,17,19,0,143,146,0.4,160,162,0.4,36,36,0.1,11571,11859,32,11431,11715,31.7,6197,6323,17.2,5234,5392,14.5,7,8,0,0,0,0,6,6,0,89,91,0.2,30,30,0.1,0,0,0,8,9,0,27,32,0.1,1,1,0,0,0,0,1,1,0,0,0,0,0,0,0,0,0,0,0,0,0,0,0,0,0,0,0,0,0,0,652,710,1.8,12869,13246,35.6,7572,7781,21,4182,4260,11.6,4180,4258,11.6,2,2,0,2935,3065,8.1,2922,3052,8.1,13,13,0,339,339,0.9,332,332,0.9,7,7,0,28,28,0.1,20,20,0.1,8,8,0,77,78,0.2,3,3,0,74,75,0.2,11,11,0,10,10,0,1,1,0,58,157,0.2,6,102,0,52,55,0.1,0,0,0,0,0,0,0,0,0,0,0,0,87,149,0.2,99,101,0.3,0,0,0,57,61,0.2,54,58,0.1,3,3,0,20,47,0.1,7893,8296,21.9,20762,21542,57.5
15,Manipur,3,3,0.3,1,1,0.1,2,2,0.2,2,2,0.2,0,0,0,0,0,0,0,0,0,1,1,0.1,0,0,0,1,2,0.1,49,51,4.7,10,12,1,2,3,0.2,8,9,0.8,0,0,0,0,0,0,0,0,0,9,9,0.9,26,26,2.5,0,0,0,4,4,0.4,0,0,0,0,0,0,0,0,0,0,0,0,0,0,0,0,0,0,0,0,0,0,0,0,0,0,0,2,3,0.2,0,0,0,2,3,0.2,60,65,5.8,55,55,5.3,45,45,4.4,44,44,4.3,1,1,0.1,9,9,0.9,9,9,0.9,0,0,0,0,0,0,0,0,0,0,0,0,0,0,0,0,0,0,0,0,0,0,0,0,0,0,0,0,0,0,1,1,0.1,1,1,0.1,0,0,0,4,4,0.4,2,2,0.2,2,2,0.2,0,0,0,0,0,0,0,0,0,0,0,0,0,0,0,1,1,0.1,0,0,0,0,0,0,0,0,0,0,0,0,0,0,0,60,60,5.8,120,125,11.6
16,Meghalaya,3,6,0.2,0,0,0,3,6,0.2,0,0,0,0,0,0,0,0,0,0,0,0,4,4,0.3,3,3,0.2,1,1,0.1,89,89,6.4,73,73,5.3,28,28,2,45,45,3.3,0,0,0,2,2,0.1,0,0,0,0,0,0,13,13,0.9,0,0,0,1,1,0.1,0,0,0,0,0,0,0,0,0,0,0,0,0,0,0,0,0,0,0,0,0,3,3,0.2,1,1,0.1,2,2,0.1,0,0,0,11,14,0.8,117,123,8.5,371,392,26.9,278,299,20.1,272,292,19.7,6,7,0.4,61,61,4.4,60,60,4.3,1,1,0.1,7,7,0.5,7,7,0.5,0,0,0,6,6,0.4,6,6,0.4,0,0,0,0,0,0,0,0,0,0,0,0,19,19,1.4,19,19,1.4,0,0,0,5,5,0.4,1,1,0.1,4,4,0.3,1,3,0.1,1,3,0.1,0,0,0,0,0,0,0,0,0,0,0,0,0,0,0,2,2,0.1,1,1,0.1,1,1,0.1,0,0,0,379,402,27.5,496,525,35.9
17,Mizoram,3,3,0.7,1,1,0.2,2,2,0.5,0,0,0,0,0,0,0,0,0,0,0,0,0,0,0,4,4,0.9,1,1,0.2,5,6,1.2,4,5,0.9,0,0,0,4,5,0.9,0,0,0,0,0,0,0,0,0,0,0,0,0,0,0,0,0,0,1,1,0.2,1,1,0.2,0,0,0,0,0,0,0,0,0,0,0,0,0,0,0,0,0,0,1,1,0.2,0,0,0,2,2,0.5,0,0,0,9,9,2.1,26,27,6.2,98,102,23.2,63,65,14.9,62,64,14.7,1,1,0.2,31,33,7.3,30,32,7.1,1,1,0.2,3,3,0.7,3,3,0.7,0,0,0,1,1,0.2,1,1,0.2,0,0,0,0,0,0,0,0,0,0,0,0,0,0,0,0,0,0,0,0,0,9,13,2.1,0,0,0,9,13,2.1,1,1,0.2,0,0,0,0,0,0,1,1,0.2,1,1,0.2,0,0,0,0,0,0,0,0,0,0,0,0,0,0,0,0,0,0,109,117,25.8,135,144,32
18,Nagaland,1,1,0.1,0,0,0,1,1,0.1,0,0,0,0,0,0,1,1,0.1,0,0,0,0,0,0,1,1,0.1,1,3,0.1,3,3,0.4,0,0,0,0,0,0,0,0,0,0,0,0,0,0,0,1,1,0.1,1,1,0.1,0,0,0,0,0,0,1,1,0.1,0,0,0,0,0,0,0,0,0,0,0,0,0,0,0,0,0,0,0,0,0,1,1,0.1,0,0,0,1,1,0.1,0,0,0,0,0,0,9,11,1.1,26,27,3.2,21,22,2.6,20,21,2.4,1,1,0.1,4,4,0.5,4,4,0.5,0,0,0,1,1,0.1,1,1,0.1,0,0,0,0,0,0,0,0,0,0,0,0,0,0,0,0,0,0,0,0,0,0,0,0,0,0,0,0,0,0,0,0,0,0,0,0,0,0,0,0,0,0,0,0,0,0,0,0,0,0,0,0,0,0,0,0,0,0,0,0,0,0,0,0,0,0,0,0,0,0,0,0,26,27,3.2,35,38,4.3
19,Odisha,8,8,0.1,6,6,0,2,2,0,0,0,0,2,2,0,0,0,0,0,0,0,0,0,0,6,6,0,2,2,0,5606,5627,38.9,5602,5623,38.9,5560,5581,38.6,42,42,0.3,0,0,0,0,0,0,0,0,0,4,4,0,0,0,0,0,0,0,0,0,0,6,8,0,0,0,0,0,0,0,0,0,0,0,0,0,0,0,0,0,0,0,1,1,0,0,0,0,2,2,0,0,0,0,20,24,0.1,5653,5680,39.2,2423,2423,16.8,1720,1720,11.9,1720,1720,11.9,0,0,0,669,669,4.6,669,669,4.6,0,0,0,1,1,0,1,1,0,0,0,0,33,33,0.2,33,33,0.2,0,0,0,0,0,0,0,0,0,0,0,0,0,0,0,0,0,0,0,0,0,70,70,0.5,59,59,0.4,11,11,0.1,1,1,0,1,1,0,0,0,0,0,0,0,0,0,0,46,46,0.3,0,0,0,47,47,0.3,47,47,0.3,0,0,0,0,0,0,2587,2587,17.9,8240,8267,57.2
20,Punjab,41,42,0.5,3,3,0,38,39,0.4,4,4,0,1,1,0,3,3,0,10,10,0.1,10,10,0.1,11,11,0.1,5,5,0.1,1338,1358,15.3,35,42,0.4,19,19,0.2,16,23,0.2,4,4,0,0,0,0,3,3,0,1253,1260,14.3,0,0,0,0,0,0,43,49,0.5,2,3,0,0,0,0,0,0,0,0,0,0,0,0,0,0,0,0,0,0,0,0,0,0,11,11,0.1,2,2,0,2,2,0,129,158,1.5,1569,1620,18,883,884,10.1,630,630,7.2,630,630,7.2,0,0,0,194,195,2.2,193,194,2.2,1,1,0,9,9,0.1,9,9,0.1,0,0,0,9,9,0.1,8,8,0.1,1,1,0,40,40,0.5,0,0,0,40,40,0.5,1,1,0,1,1,0,0,0,0,8,10,0.1,2,2,0,6,8,0.1,0,0,0,0,0,0,0,0,0,0,0,0,13,15,0.1,4,4,0,0,0,0,15,15,0.2,15,15,0.2,0,0,0,2,2,0,925,930,10.6,2494,2550,28.5
21,Rajasthan,30,30,0.1,4,4,0,26,26,0.1,6,6,0,5,5,0,7,7,0,8,8,0,69,69,0.2,9,12,0,0,0,0,4539,4607,16.1,3429,3490,12.2,1810,1820,6.4,1619,1670,5.8,0,0,0,2,2,0,0,0,0,456,457,1.6,1,1,0,0,0,0,651,657,2.3,6,6,0,0,0,0,0,0,0,0,0,0,0,0,0,0,0,0,0,0,0,0,0,0,0,0,0,0,0,0,0,0,0,208,256,0.7,4887,5006,17.4,3731,3734,13.3,1694,1694,6,1694,1694,6,0,0,0,1358,1358,4.8,1357,1357,4.8,1,1,0,47,47,0.2,46,46,0.2,1,1,0,170,170,0.6,170,170,0.6,0,0,0,41,41,0.1,2,2,0,39,39,0.1,421,424,1.5,410,413,1.5,11,11,0,547,590,1.9,26,26,0.1,521,564,1.9,3,3,0,1,1,0,0,0,0,2,2,0,28,41,0.1,10,10,0,0,0,0,161,167,0.6,106,112,0.4,55,55,0.2,3,5,0,4483,4550,15.9,9370,9556,33.3
22,Sikkim,0,0,0,0,0,0,0,0,0,0,0,0,0,0,0,0,0,0,0,0,0,1,1,0.5,2,2,1,0,0,0,45,60,21.9,44,58,21.4,39,52,18.9,5,6,2.4,0,0,0,0,0,0,0,0,0,0,0,0,1,2,0.5,0,0,0,0,0,0,0,0,0,0,0,0,0,0,0,0,0,0,0,0,0,0,0,0,0,0,0,0,0,0,0,0,0,0,0,0,0,0,0,7,14,3.4,55,77,26.7,103,108,50,73,74,35.5,73,74,35.5,0,0,0,28,32,13.6,28,32,13.6,0,0,0,2,2,1,2,2,1,0,0,0,0,0,0,0,0,0,0,0,0,0,0,0,0,0,0,0,0,0,0,0,0,0,0,0,0,0,0,1,1,0.5,0,0,0,1,1,0.5,0,0,0,0,0,0,0,0,0,0,0,0,0,0,0,0,0,0,0,0,0,0,0,0,0,0,0,0,0,0,0,0,0,104,109,50.5,159,186,77.2
23,Tamil Nadu,67,81,0.3,2,2,0,65,79,0.3,2,2,0,8,10,0,7,7,0,0,0,0,11,11,0.1,100,107,0.5,4,4,0,240,244,1.2,46,49,0.2,2,2,0,44,47,0.2,2,2,0,0,0,0,4,4,0,149,149,0.7,34,35,0.2,0,0,0,5,5,0,2,4,0,0,0,0,0,0,0,0,0,0,0,0,0,0,0,0,0,0,0,5,5,0,0,0,0,4,4,0,2,2,0,883,1235,4.3,1335,1716,6.5,4968,5106,24,3620,3676,17.5,3573,3621,17.3,47,55,0.2,961,1025,4.7,948,1008,4.6,13,17,0.1,357,374,1.7,356,367,1.7,1,7,0,21,22,0.1,20,21,0.1,1,1,0,0,0,0,0,0,0,0,0,0,9,9,0,9,9,0,0,0,0,53,82,0.3,5,34,0,48,48,0.2,1,1,0,1,1,0,0,0,0,0,0,0,29,39,0.1,155,155,0.8,0,0,0,26,26,0.1,19,19,0.1,7,7,0,13,14,0.1,5245,5423,25.4,6580,7139,31.8
24,Telangana,45,60,0.4,2,2,0,43,58,0.4,17,18,0.1,6,6,0.1,1,1,0,0,0,0,35,35,0.3,128,138,1.1,0,0,0,1821,1883,16,1534,1592,13.5,676,700,5.9,858,892,7.5,1,1,0,0,0,0,1,1,0,184,186,1.6,40,40,0.4,0,0,0,61,63,0.5,4,4,0,0,0,0,0,0,0,0,0,0,0,0,0,0,0,0,0,0,0,0,0,0,7,7,0.1,113,113,1,1,1,0,161,163,1.4,2339,2429,20.6,2726,2752,24,1753,1754,15.4,1753,1754,15.4,0,0,0,891,912,7.8,889,910,7.8,2,2,0,34,38,0.3,33,37,0.3,1,1,0,26,26,0.2,26,26,0.2,0,0,0,20,20,0.2,1,1,0,19,19,0.2,2,2,0,2,2,0,0,0,0,333,397,2.9,3,3,0,330,394,2.9,1,1,0,0,0,0,0,0,0,1,1,0,175,257,1.5,53,53,0.5,0,0,0,6,6,0.1,6,6,0.1,0,0,0,24,24,0.2,3318,3490,29.2,5657,5919,49.7
25,Tripura,10,10,0.8,2,2,0.2,8,8,0.7,2,2,0.2,0,0,0,0,0,0,0,0,0,0,0,0,0,0,0,0,0,0,86,86,7,37,37,3,11,11,0.9,26,26,2.1,2,2,0.2,1,1,0.1,1,1,0.1,16,16,1.3,27,27,2.2,0,0,0,2,2,0.2,0,0,0,0,0,0,0,0,0,0,0,0,0,0,0,0,0,0,0,0,0,0,0,0,0,0,0,0,0,0,0,0,0,0,0,0,98,98,8,120,120,9.8,78,78,6.4,78,78,6.4,0,0,0,36,36,2.9,36,36,2.9,0,0,0,5,5,0.4,5,5,0.4,0,0,0,0,0,0,0,0,0,0,0,0,1,1,0.1,0,0,0,1,1,0.1,0,0,0,0,0,0,0,0,0,0,0,0,0,0,0,0,0,0,0,0,0,0,0,0,0,0,0,0,0,0,0,0,0,2,2,0.2,0,0,0,0,0,0,0,0,0,0,0,0,0,0,0,122,122,9.9,220,220,17.9
26,Uttar Pradesh,204,240,0.2,14,37,0,190,203,0.2,12,12,0,12,12,0,0,0,0,0,0,0,3,3,0,77,77,0.1,22,22,0,7707,7901,9,4006,4037,4.7,2065,2076,2.4,1941,1961,2.3,0,0,0,4,4,0,10,10,0,3683,3846,4.3,0,0,0,0,0,0,4,4,0,9,16,0,0,0,0,0,0,0,0,0,0,0,0,0,0,0,0,0,0,0,458,459,0.5,17,17,0,999,999,1.2,1,1,0,892,1003,1,10413,10762,12.2,8136,8151,9.5,3448,3454,4,3344,3350,3.9,104,104,0.1,4360,4368,5.1,4359,4367,5.1,1,1,0,87,88,0.1,87,88,0.1,0,0,0,2,2,0,2,2,0,0,0,0,74,74,0.1,4,4,0,70,70,0.1,165,165,0.2,159,159,0.2,6,6,0,0,0,0,0,0,0,0,0,0,1,1,0,1,1,0,0,0,0,0,0,0,10,12,0,17,17,0,0,0,0,105,106,0.1,38,39,0,67,67,0.1,0,0,0,8269,8287,9.7,18682,19049,21.9
27,Uttarakhand,10,10,0.3,1,1,0,9,9,0.2,1,1,0,1,1,0,2,2,0.1,2,2,0.1,0,0,0,0,0,0,0,0,0,579,579,15.2,434,434,11.4,412,412,10.8,22,22,0.6,0,0,0,0,0,0,1,1,0,9,9,0.2,0,0,0,0,0,0,135,135,3.6,1,3,0,0,0,0,0,0,0,0,0,0,0,0,0,0,0,0,0,0,0,0,0,0,0,0,0,42,42,1.1,0,0,0,145,145,3.8,783,785,20.6,851,853,22.4,646,648,17,637,639,16.8,9,9,0.2,170,170,4.5,170,170,4.5,0,0,0,8,8,0.2,8,8,0.2,0,0,0,8,8,0.2,7,7,0.2,1,1,0,19,19,0.5,0,0,0,19,19,0.5,0,0,0,0,0,0,0,0,0,4,4,0.1,3,3,0.1,1,1,0,1,1,0,1,1,0,0,0,0,0,0,0,54,54,1.4,6,6,0.2,0,0,0,7,7,0.2,2,2,0.1,5,5,0.1,0,0,0,923,925,24.3,1706,1710,44.9
28,West Bengal,54,56,0.2,2,2,0,52,54,0.2,45,46,0.2,13,14,0,1,1,0,0,0,0,2,2,0,0,0,0,16,18,0.1,5761,5876,19.2,3951,4024,13.2,1633,1684,5.4,2318,2340,7.7,1,1,0,2,2,0,4,5,0,371,371,1.2,26,26,0.1,0,0,0,1406,1447,4.7,29,49,0.1,2,2,0,0,0,0,2,2,0,0,0,0,0,0,0,0,0,0,0,0,0,0,0,0,2,2,0,0,0,0,94,132,0.3,6019,6198,20.1,2761,2820,9.2,1698,1699,5.7,1670,1671,5.6,28,28,0.1,759,798,2.5,752,791,2.5,7,7,0,265,280,0.9,262,275,0.9,3,5,0,12,16,0,12,16,0,0,0,0,8,8,0,0,0,0,8,8,0,19,19,0.1,18,18,0.1,1,1,0,37,44,0.1,0,0,0,37,44,0.1,4,4,0,0,0,0,0,0,0,4,4,0,0,0,0,121,122,0.4,0,0,0,2,2,0,1,1,0,1,1,0,6,6,0,2931,2998,9.8,8950,9196,29.8
Total State(S),Total State(S),1163,1307,0.3,97,120,0,1066,1187,0.2,331,339,0.1,273,299,0.1,80,80,0,99,101,0,773,783,0.2,3405,3610,0.8,450,479,0.1,68165,69677,15.8,48756,49761,11.3,30083,30570,7,18673,19191,4.3,97,100,0,26,26,0,82,85,0,13587,13927,3.1,1826,1857,0.4,0,0,0,3791,3921,0.9,343,741,0.1,9,11,0,1,1,0,8,10,0,3,4,0,0,0,0,3,4,0,955,968,0.2,90,95,0,2370,2412,0.5,53,54,0,8656,10955,2,87218,91915,20.2,61303,62318,14.2,36584,37103,8.5,36194,36696,8.4,390,407,0.1,20119,20512,4.7,19880,20268,4.6,239,244,0.1,2669,2743,0.6,2616,2682,0.6,53,61,0,675,682,0.2,648,655,0.1,27,27,0,507,509,0.1,21,21,0,486,488,0.1,749,769,0.2,725,745,0.2,24,24,0,1765,2141,0.4,237,381,0.1,1528,1760,0.4,41,64,0,28,51,0,3,3,0,10,10,0,713,990,0.2,999,1017,0.2,0,0,0,1230,1250,0.3,1046,1058,0.2,184,192,0,157,203,0,66208,67983,15.3,153426,159898,35.5
29,Andaman and Nicobar Islands,1,1,0.9,1,1,0.9,0,0,0,1,1,0.9,0,0,0,0,0,0,0,0,0,0,0,0,0,0,0,0,0,0,14,14,12.5,14,14,12.5,10,10,8.9,4,4,3.6,0,0,0,0,0,0,0,0,0,0,0,0,0,0,0,0,0,0,0,0,0,0,0,0,0,0,0,0,0,0,0,0,0,0,0,0,0,0,0,0,0,0,0,0,0,0,0,0,0,0,0,0,0,0,16,20,14.2,32,36,28.5,109,109,97.1,82,82,73,81,81,72.1,1,1,0.9,20,20,17.8,19,19,16.9,1,1,0.9,4,4,3.6,4,4,3.6,0,0,0,3,3,2.7,3,3,2.7,0,0,0,0,0,0,0,0,0,0,0,0,0,0,0,0,0,0,0,0,0,1,1,0.9,0,0,0,1,1,0.9,0,0,0,0,0,0,0,0,0,0,0,0,0,0,0,0,0,0,0,0,0,4,4,3.6,3,3,2.7,1,1,0.9,0,0,0,114,114,101.5,146,150,130
30,Chandigarh,1,1,0.3,0,0,0,1,1,0.3,0,0,0,0,0,0,0,0,0,0,0,0,1,1,0.3,3,3,0.9,0,0,0,139,143,42.9,121,125,37.3,111,115,34.2,10,10,3.1,0,0,0,0,0,0,0,0,0,16,16,4.9,0,0,0,0,0,0,2,2,0.6,0,0,0,0,0,0,0,0,0,0,0,0,0,0,0,0,0,0,0,0,0,48,48,14.8,0,0,0,10,10,3.1,0,0,0,17,17,5.2,219,223,67.6,1,1,0.3,1,1,0.3,0,0,0,1,1,0.3,0,0,0,0,0,0,0,0,0,0,0,0,0,0,0,0,0,0,0,0,0,0,0,0,0,0,0,0,0,0,0,0,0,0,0,0,0,0,0,0,0,0,0,0,0,1,2,0.3,0,0,0,1,2,0.3,0,0,0,0,0,0,0,0,0,0,0,0,2,2,0.6,0,0,0,0,0,0,1,1,0.3,0,0,0,1,1,0.3,0,0,0,5,6,1.5,224,229,69.1
31,Dadra and Nagar Haveli and Daman and Diu,1,1,0.5,0,0,0,1,1,0.5,0,0,0,0,0,0,0,0,0,0,0,0,0,0,0,0,0,0,0,0,0,48,48,25,47,47,24.5,44,44,22.9,3,3,1.6,0,0,0,0,0,0,0,0,0,1,1,0.5,0,0,0,0,0,0,0,0,0,0,0,0,0,0,0,0,0,0,0,0,0,0,0,0,0,0,0,0,0,0,0,0,0,0,0,0,0,0,0,0,0,0,1,1,0.5,50,50,26,55,65,28.6,43,43,22.4,43,43,22.4,0,0,0,9,19,4.7,9,19,4.7,0,0,0,3,3,1.6,3,3,1.6,0,0,0,0,0,0,0,0,0,0,0,0,0,0,0,0,0,0,0,0,0,0,0,0,0,0,0,0,0,0,0,0,0,0,0,0,0,0,0,0,0,0,0,0,0,0,0,0,0,0,0,0,0,0,0,0,0,0,0,0,2,2,1,2,2,1,0,0,0,0,0,0,57,67,29.7,107,117,55.7
32,Delhi,22,22,0.4,1,1,0,21,21,0.4,1,1,0,29,31,0.5,3,3,0.1,2,2,0,25,26,0.5,32,33,0.6,7,7,0.1,5378,5624,97.1,5369,5613,97,2708,2812,48.9,2661,2801,48.1,1,2,0,0,0,0,2,3,0,6,6,0.1,0,0,0,0,0,0,0,0,0,74,511,1.3,0,0,0,0,0,0,0,0,0,0,0,0,0,0,0,0,0,0,0,0,0,1,1,0,0,0,0,0,0,0,155,243,2.8,5729,6504,103.5,1512,1530,27.3,892,901,16.1,890,899,16.1,2,2,0,524,533,9.5,511,520,9.2,13,13,0.2,30,30,0.5,25,25,0.5,5,5,0.1,3,3,0.1,1,1,0,2,2,0,63,63,1.1,7,7,0.1,56,56,1,0,0,0,0,0,0,0,0,0,57,335,1,3,3,0.1,54,332,1,1,1,0,0,0,0,0,0,0,1,1,0,36,177,0.7,1,1,0,0,0,0,117,120,2.1,116,119,2.1,1,1,0,15,15,0.3,1739,2179,31.4,7468,8683,134.9
33,Jammu and Kashmir,4,4,0.1,0,0,0,4,4,0.1,0,0,0,0,0,0,0,0,0,1,1,0,19,21,0.4,5,7,0.1,1,1,0,513,534,10.4,353,374,7.2,75,75,1.5,278,299,5.7,0,0,0,1,1,0,0,0,0,29,29,0.6,1,1,0,0,0,0,129,129,2.6,7,10,0.1,0,0,0,0,0,0,0,0,0,0,0,0,0,0,0,0,0,0,0,0,0,0,0,0,0,0,0,0,0,0,44,91,0.9,594,669,12.1,316,318,6.4,238,240,4.8,237,239,4.8,1,1,0,40,40,0.8,39,39,0.8,1,1,0,4,4,0.1,4,4,0.1,0,0,0,15,15,0.3,15,15,0.3,0,0,0,11,11,0.2,0,0,0,11,11,0.2,8,8,0.2,8,8,0.2,0,0,0,6,6,0.1,2,2,0,4,4,0.1,0,0,0,0,0,0,0,0,0,0,0,0,0,0,0,2,2,0,0,0,0,2,2,0,0,0,0,2,2,0,0,0,0,326,328,6.6,920,997,18.7
34,Ladakh,0,0,0,0,0,0,0,0,0,0,0,0,0,0,0,0,0,0,0,0,0,0,0,0,0,0,0,0,0,0,5,5,5.9,3,3,3.5,0,0,0,3,3,3.5,0,0,0,0,0,0,0,0,0,2,2,2.4,0,0,0,0,0,0,0,0,0,0,0,0,0,0,0,0,0,0,0,0,0,0,0,0,0,0,0,0,0,0,1,1,1.2,0,0,0,0,0,0,0,0,0,0,0,0,6,6,7.1,2,2,2.4,0,0,0,0,0,0,0,0,0,2,2,2.4,2,2,2.4,0,0,0,0,0,0,0,0,0,0,0,0,0,0,0,0,0,0,0,0,0,0,0,0,0,0,0,0,0,0,0,0,0,0,0,0,0,0,0,0,0,0,0,0,0,0,0,0,0,0,0,0,0,0,0,0,0,0,0,0,0,0,0,0,0,0,0,0,0,0,0,0,0,0,0,0,0,0,0,0,0,2,2,2.4,8,8,9.4
35,Lakshadweep,0,0,0,0,0,0,0,0,0,0,0,0,0,0,0,0,0,0,0,0,0,0,0,0,0,0,0,0,0,0,0,0,0,0,0,0,0,0,0,0,0,0,0,0,0,0,0,0,0,0,0,0,0,0,0,0,0,0,0,0,0,0,0,0,0,0,0,0,0,0,0,0,0,0,0,0,0,0,0,0,0,0,0,0,0,0,0,0,0,0,0,0,0,0,0,0,0,0,0,0,0,0,11,11,55.3,5,5,25.1,5,5,25.1,0,0,0,5,5,25.1,2,2,10,3,3,15.1,1,1,5,1,1,5,0,0,0,0,0,0,0,0,0,0,0,0,0,0,0,0,0,0,0,0,0,0,0,0,0,0,0,0,0,0,0,0,0,0,0,0,0,0,0,0,0,0,0,0,0,0,0,0,0,0,0,0,0,0,0,0,0,0,0,0,0,0,0,0,0,0,0,0,0,0,0,0,11,11,55.3,11,11,55.3
36,Puducherry,3,4,0.8,0,0,0,3,4,0.8,0,0,0,0,0,0,0,0,0,0,0,0,0,0,0,0,0,0,0,0,0,22,24,6.1,22,24,6.1,22,24,6.1,0,0,0,0,0,0,0,0,0,0,0,0,0,0,0,0,0,0,0,0,0,0,0,0,0,0,0,0,0,0,0,0,0,0,0,0,0,0,0,0,0,0,0,0,0,0,0,0,0,0,0,0,0,0,0,0,0,5,6,1.4,30,34,8.4,105,115,29.3,62,69,17.3,61,67,17,1,2,0.3,34,36,9.5,32,33,8.9,2,3,0.6,8,9,2.2,8,9,2.2,0,0,0,0,0,0,0,0,0,0,0,0,0,0,0,0,0,0,0,0,0,1,1,0.3,1,1,0.3,0,0,0,0,0,0,0,0,0,0,0,0,0,0,0,0,0,0,0,0,0,0,0,0,0,0,0,0,0,0,0,0,0,4,5,1.1,4,5,1.1,0,0,0,0,0,0,109,120,30.4,139,154,38.8
Total UT (S),Total UT (S),32,33,0.3,2,2,0,30,31,0.3,2,2,0,29,31,0.3,3,3,0,3,3,0,45,48,0.4,40,43,0.3,8,8,0.1,6119,6392,53,5929,6200,51.4,2970,3080,25.7,2959,3120,25.6,1,2,0,1,1,0,2,3,0,54,54,0.5,1,1,0,0,0,0,131,131,1.1,81,521,0.7,0,0,0,0,0,0,0,0,0,0,0,0,0,0,0,0,0,0,49,49,0.4,1,1,0,10,10,0.1,0,0,0,238,378,2.1,6660,7522,57.7,2111,2151,18.3,1323,1341,11.5,1317,1334,11.4,6,7,0.1,634,655,5.5,614,634,5.3,20,21,0.2,50,51,0.4,45,46,0.4,5,5,0,21,21,0.2,19,19,0.2,2,2,0,74,74,0.6,7,7,0.1,67,67,0.6,9,9,0.1,9,9,0.1,0,0,0,65,344,0.6,5,5,0,60,339,0.5,1,1,0,0,0,0,0,0,0,1,1,0,38,179,0.3,3,3,0,0,0,0,130,134,1.1,125,129,1.1,5,5,0,15,15,0.1,2363,2827,20.5,9023,10349,78.2
Total All India,Total All India,1195,1340,0.3,99,122,0,1096,1218,0.2,333,341,0.1,302,330,0.1,83,83,0,102,104,0,818,831,0.2,3445,3653,0.8,458,487,0.1,74284,76069,16.7,54685,55961,12.3,33053,33650,7.4,21632,22311,4.9,98,102,0,27,27,0,84,88,0,13641,13981,3.1,1827,1858,0.4,0,0,0,3922,4052,0.9,424,1262,0.1,9,11,0,1,1,0,8,10,0,3,4,0,0,0,0,3,4,0,1004,1017,0.2,91,96,0,2380,2422,0.5,53,54,0,8894,11333,2,93878,99437,21.1,63414,64469,14.3,37907,38444,8.5,37511,38030,8.4,396,414,0.1,20753,21167,4.7,20494,20902,4.6,259,265,0.1,2719,2794,0.6,2661,2728,0.6,58,66,0,696,703,0.2,667,674,0.2,29,29,0,581,583,0.1,28,28,0,553,555,0.1,758,778,0.2,734,754,0.2,24,24,0,1830,2485,0.4,242,386,0.1,1588,2099,0.4,42,65,0,28,51,0,3,3,0,11,11,0,751,1169,0.2,1002,1020,0.2,0,0,0,1360,1384,0.3,1171,1187,0.3,189,197,0,172,218,0,68571,70810,15.4,162449,170247,36.6
